dep_name,prov_name,type,level,download_path
AMAZONAS,nill,complete,departamento,https://github.com/PaulESantos/perugeopkg/raw/master/geo/dep_amazonas.gpkg
AMAZONAS,nill,simplified,departamento,https://github.com/PaulESantos/perugeopkg/raw/master/geo/dep_amazonas_simplified.gpkg
ANCASH,nill,complete,departamento,https://github.com/PaulESantos/perugeopkg/raw/master/geo/dep_ancash.gpkg
ANCASH,nill,simplified,departamento,https://github.com/PaulESantos/perugeopkg/raw/master/geo/dep_ancash_simplified.gpkg
APURIMAC,nill,complete,departamento,https://github.com/PaulESantos/perugeopkg/raw/master/geo/dep_apurimac.gpkg
APURIMAC,nill,simplified,departamento,https://github.com/PaulESantos/perugeopkg/raw/master/geo/dep_apurimac_simplified.gpkg
AREQUIPA,nill,complete,departamento,https://github.com/PaulESantos/perugeopkg/raw/master/geo/dep_arequipa.gpkg
AREQUIPA,nill,simplified,departamento,https://github.com/PaulESantos/perugeopkg/raw/master/geo/dep_arequipa_simplified.gpkg
AYACUCHO,nill,complete,departamento,https://github.com/PaulESantos/perugeopkg/raw/master/geo/dep_ayacucho.gpkg
AYACUCHO,nill,simplified,departamento,https://github.com/PaulESantos/perugeopkg/raw/master/geo/dep_ayacucho_simplified.gpkg
CAJAMARCA,nill,complete,departamento,https://github.com/PaulESantos/perugeopkg/raw/master/geo/dep_cajamarca.gpkg
CAJAMARCA,nill,simplified,departamento,https://github.com/PaulESantos/perugeopkg/raw/master/geo/dep_cajamarca_simplified.gpkg
CALLAO,nill,complete,departamento,https://github.com/PaulESantos/perugeopkg/raw/master/geo/dep_callao.gpkg
CALLAO,nill,simplified,departamento,https://github.com/PaulESantos/perugeopkg/raw/master/geo/dep_callao_simplified.gpkg
CUSCO,nill,complete,departamento,https://github.com/PaulESantos/perugeopkg/raw/master/geo/dep_cusco.gpkg
CUSCO,nill,simplified,departamento,https://github.com/PaulESantos/perugeopkg/raw/master/geo/dep_cusco_simplified.gpkg
HUANCAVELICA,nill,complete,departamento,https://github.com/PaulESantos/perugeopkg/raw/master/geo/dep_huancavelica.gpkg
HUANCAVELICA,nill,simplified,departamento,https://github.com/PaulESantos/perugeopkg/raw/master/geo/dep_huancavelica_simplified.gpkg
HUANUCO,nill,complete,departamento,https://github.com/PaulESantos/perugeopkg/raw/master/geo/dep_huanuco.gpkg
HUANUCO,nill,simplified,departamento,https://github.com/PaulESantos/perugeopkg/raw/master/geo/dep_huanuco_simplified.gpkg
ICA,nill,complete,departamento,https://github.com/PaulESantos/perugeopkg/raw/master/geo/dep_ica.gpkg
ICA,nill,simplified,departamento,https://github.com/PaulESantos/perugeopkg/raw/master/geo/dep_ica_simplified.gpkg
JUNIN,nill,complete,departamento,https://github.com/PaulESantos/perugeopkg/raw/master/geo/dep_junin.gpkg
JUNIN,nill,simplified,departamento,https://github.com/PaulESantos/perugeopkg/raw/master/geo/dep_junin_simplified.gpkg
LA LIBERTAD,nill,complete,departamento,https://github.com/PaulESantos/perugeopkg/raw/master/geo/dep_la_libertad.gpkg
LA LIBERTAD,nill,simplified,departamento,https://github.com/PaulESantos/perugeopkg/raw/master/geo/dep_la_libertad_simplified.gpkg
LAMBAYEQUE,nill,complete,departamento,https://github.com/PaulESantos/perugeopkg/raw/master/geo/dep_lambayeque.gpkg
LAMBAYEQUE,nill,simplified,departamento,https://github.com/PaulESantos/perugeopkg/raw/master/geo/dep_lambayeque_simplified.gpkg
LIMA,nill,complete,departamento,https://github.com/PaulESantos/perugeopkg/raw/master/geo/dep_lima.gpkg
LIMA,nill,simplified,departamento,https://github.com/PaulESantos/perugeopkg/raw/master/geo/dep_lima_simplified.gpkg
LORETO,nill,complete,departamento,https://github.com/PaulESantos/perugeopkg/raw/master/geo/dep_loreto.gpkg
LORETO,nill,simplified,departamento,https://github.com/PaulESantos/perugeopkg/raw/master/geo/dep_loreto_simplified.gpkg
MADRE DE DIOS,nill,complete,departamento,https://github.com/PaulESantos/perugeopkg/raw/master/geo/dep_madre_de_dios.gpkg
MADRE DE DIOS,nill,simplified,departamento,https://github.com/PaulESantos/perugeopkg/raw/master/geo/dep_madre_de_dios_simplified.gpkg
MOQUEGUA,nill,complete,departamento,https://github.com/PaulESantos/perugeopkg/raw/master/geo/dep_moquegua.gpkg
MOQUEGUA,nill,simplified,departamento,https://github.com/PaulESantos/perugeopkg/raw/master/geo/dep_moquegua_simplified.gpkg
PASCO,nill,complete,departamento,https://github.com/PaulESantos/perugeopkg/raw/master/geo/dep_pasco.gpkg
PASCO,nill,simplified,departamento,https://github.com/PaulESantos/perugeopkg/raw/master/geo/dep_pasco_simplified.gpkg
PIURA,nill,complete,departamento,https://github.com/PaulESantos/perugeopkg/raw/master/geo/dep_piura.gpkg
PIURA,nill,simplified,departamento,https://github.com/PaulESantos/perugeopkg/raw/master/geo/dep_piura_simplified.gpkg
PUNO,nill,complete,departamento,https://github.com/PaulESantos/perugeopkg/raw/master/geo/dep_puno.gpkg
PUNO,nill,simplified,departamento,https://github.com/PaulESantos/perugeopkg/raw/master/geo/dep_puno_simplified.gpkg
SAN MARTIN,nill,complete,departamento,https://github.com/PaulESantos/perugeopkg/raw/master/geo/dep_san_martin.gpkg
SAN MARTIN,nill,simplified,departamento,https://github.com/PaulESantos/perugeopkg/raw/master/geo/dep_san_martin_simplified.gpkg
TACNA,nill,complete,departamento,https://github.com/PaulESantos/perugeopkg/raw/master/geo/dep_tacna.gpkg
TACNA,nill,simplified,departamento,https://github.com/PaulESantos/perugeopkg/raw/master/geo/dep_tacna_simplified.gpkg
TUMBES,nill,complete,departamento,https://github.com/PaulESantos/perugeopkg/raw/master/geo/dep_tumbes.gpkg
TUMBES,nill,simplified,departamento,https://github.com/PaulESantos/perugeopkg/raw/master/geo/dep_tumbes_simplified.gpkg
UCAYALI,nill,complete,departamento,https://github.com/PaulESantos/perugeopkg/raw/master/geo/dep_ucayali.gpkg
UCAYALI,nill,simplified,departamento,https://github.com/PaulESantos/perugeopkg/raw/master/geo/dep_ucayali_simplified.gpkg
all,nill,complete,nacional,https://github.com/PaulESantos/perugeopkg/raw/master/geo/nan_peru.gpkg
all,nill,simplified,nacional,https://github.com/PaulESantos/perugeopkg/raw/master/geo/nan_peru_simplified.gpkg
AMAZONAS,BAGUA,complete,provincia,https://github.com/PaulESantos/perugeopkg/raw/master/geo/prov_amazonas_bagua.gpkg
AMAZONAS,BAGUA,simplified,provincia,https://github.com/PaulESantos/perugeopkg/raw/master/geo/prov_amazonas_bagua_simplified.gpkg
AMAZONAS,BONGARA,complete,provincia,https://github.com/PaulESantos/perugeopkg/raw/master/geo/prov_amazonas_bongara.gpkg
AMAZONAS,BONGARA,simplified,provincia,https://github.com/PaulESantos/perugeopkg/raw/master/geo/prov_amazonas_bongara_simplified.gpkg
AMAZONAS,CHACHAPOYAS,complete,provincia,https://github.com/PaulESantos/perugeopkg/raw/master/geo/prov_amazonas_chachapoyas.gpkg
AMAZONAS,CHACHAPOYAS,simplified,provincia,https://github.com/PaulESantos/perugeopkg/raw/master/geo/prov_amazonas_chachapoyas_simplified.gpkg
AMAZONAS,CONDORCANQUI,complete,provincia,https://github.com/PaulESantos/perugeopkg/raw/master/geo/prov_amazonas_condorcanqui.gpkg
AMAZONAS,CONDORCANQUI,simplified,provincia,https://github.com/PaulESantos/perugeopkg/raw/master/geo/prov_amazonas_condorcanqui_simplified.gpkg
AMAZONAS,LUYA,complete,provincia,https://github.com/PaulESantos/perugeopkg/raw/master/geo/prov_amazonas_luya.gpkg
AMAZONAS,LUYA,simplified,provincia,https://github.com/PaulESantos/perugeopkg/raw/master/geo/prov_amazonas_luya_simplified.gpkg
AMAZONAS,RODRIGUEZ DE MENDOZA,complete,provincia,https://github.com/PaulESantos/perugeopkg/raw/master/geo/prov_amazonas_rodriguez_de_mendoza.gpkg
AMAZONAS,RODRIGUEZ DE MENDOZA,simplified,provincia,https://github.com/PaulESantos/perugeopkg/raw/master/geo/prov_amazonas_rodriguez_de_mendoza_simplified.gpkg
AMAZONAS,UTCUBAMBA,complete,provincia,https://github.com/PaulESantos/perugeopkg/raw/master/geo/prov_amazonas_utcubamba.gpkg
AMAZONAS,UTCUBAMBA,simplified,provincia,https://github.com/PaulESantos/perugeopkg/raw/master/geo/prov_amazonas_utcubamba_simplified.gpkg
ANCASH,AIJA,complete,provincia,https://github.com/PaulESantos/perugeopkg/raw/master/geo/prov_ancash_aija.gpkg
ANCASH,AIJA,simplified,provincia,https://github.com/PaulESantos/perugeopkg/raw/master/geo/prov_ancash_aija_simplified.gpkg
ANCASH,ANTONIO RAYMONDI,complete,provincia,https://github.com/PaulESantos/perugeopkg/raw/master/geo/prov_ancash_antonio_raymondi.gpkg
ANCASH,ANTONIO RAYMONDI,simplified,provincia,https://github.com/PaulESantos/perugeopkg/raw/master/geo/prov_ancash_antonio_raymondi_simplified.gpkg
ANCASH,ASUNCION,complete,provincia,https://github.com/PaulESantos/perugeopkg/raw/master/geo/prov_ancash_asuncion.gpkg
ANCASH,ASUNCION,simplified,provincia,https://github.com/PaulESantos/perugeopkg/raw/master/geo/prov_ancash_asuncion_simplified.gpkg
ANCASH,BOLOGNESI,complete,provincia,https://github.com/PaulESantos/perugeopkg/raw/master/geo/prov_ancash_bolognesi.gpkg
ANCASH,BOLOGNESI,simplified,provincia,https://github.com/PaulESantos/perugeopkg/raw/master/geo/prov_ancash_bolognesi_simplified.gpkg
ANCASH,CARHUAZ,complete,provincia,https://github.com/PaulESantos/perugeopkg/raw/master/geo/prov_ancash_carhuaz.gpkg
ANCASH,CARHUAZ,simplified,provincia,https://github.com/PaulESantos/perugeopkg/raw/master/geo/prov_ancash_carhuaz_simplified.gpkg
ANCASH,CARLOS FERMIN FITZCARRALD,complete,provincia,https://github.com/PaulESantos/perugeopkg/raw/master/geo/prov_ancash_carlos_fermin_fitzcarrald.gpkg
ANCASH,CARLOS FERMIN FITZCARRALD,simplified,provincia,https://github.com/PaulESantos/perugeopkg/raw/master/geo/prov_ancash_carlos_fermin_fitzcarrald_simplified.gpkg
ANCASH,CASMA,complete,provincia,https://github.com/PaulESantos/perugeopkg/raw/master/geo/prov_ancash_casma.gpkg
ANCASH,CASMA,simplified,provincia,https://github.com/PaulESantos/perugeopkg/raw/master/geo/prov_ancash_casma_simplified.gpkg
ANCASH,CORONGO,complete,provincia,https://github.com/PaulESantos/perugeopkg/raw/master/geo/prov_ancash_corongo.gpkg
ANCASH,CORONGO,simplified,provincia,https://github.com/PaulESantos/perugeopkg/raw/master/geo/prov_ancash_corongo_simplified.gpkg
ANCASH,HUARAZ,complete,provincia,https://github.com/PaulESantos/perugeopkg/raw/master/geo/prov_ancash_huaraz.gpkg
ANCASH,HUARAZ,simplified,provincia,https://github.com/PaulESantos/perugeopkg/raw/master/geo/prov_ancash_huaraz_simplified.gpkg
ANCASH,HUARI,complete,provincia,https://github.com/PaulESantos/perugeopkg/raw/master/geo/prov_ancash_huari.gpkg
ANCASH,HUARI,simplified,provincia,https://github.com/PaulESantos/perugeopkg/raw/master/geo/prov_ancash_huari_simplified.gpkg
ANCASH,HUARMEY,complete,provincia,https://github.com/PaulESantos/perugeopkg/raw/master/geo/prov_ancash_huarmey.gpkg
ANCASH,HUARMEY,simplified,provincia,https://github.com/PaulESantos/perugeopkg/raw/master/geo/prov_ancash_huarmey_simplified.gpkg
ANCASH,HUAYLAS,complete,provincia,https://github.com/PaulESantos/perugeopkg/raw/master/geo/prov_ancash_huaylas.gpkg
ANCASH,HUAYLAS,simplified,provincia,https://github.com/PaulESantos/perugeopkg/raw/master/geo/prov_ancash_huaylas_simplified.gpkg
ANCASH,MARISCAL LUZURIAGA,complete,provincia,https://github.com/PaulESantos/perugeopkg/raw/master/geo/prov_ancash_mariscal_luzuriaga.gpkg
ANCASH,MARISCAL LUZURIAGA,simplified,provincia,https://github.com/PaulESantos/perugeopkg/raw/master/geo/prov_ancash_mariscal_luzuriaga_simplified.gpkg
ANCASH,OCROS,complete,provincia,https://github.com/PaulESantos/perugeopkg/raw/master/geo/prov_ancash_ocros.gpkg
ANCASH,OCROS,simplified,provincia,https://github.com/PaulESantos/perugeopkg/raw/master/geo/prov_ancash_ocros_simplified.gpkg
ANCASH,PALLASCA,complete,provincia,https://github.com/PaulESantos/perugeopkg/raw/master/geo/prov_ancash_pallasca.gpkg
ANCASH,PALLASCA,simplified,provincia,https://github.com/PaulESantos/perugeopkg/raw/master/geo/prov_ancash_pallasca_simplified.gpkg
ANCASH,POMABAMBA,complete,provincia,https://github.com/PaulESantos/perugeopkg/raw/master/geo/prov_ancash_pomabamba.gpkg
ANCASH,POMABAMBA,simplified,provincia,https://github.com/PaulESantos/perugeopkg/raw/master/geo/prov_ancash_pomabamba_simplified.gpkg
ANCASH,RECUAY,complete,provincia,https://github.com/PaulESantos/perugeopkg/raw/master/geo/prov_ancash_recuay.gpkg
ANCASH,RECUAY,simplified,provincia,https://github.com/PaulESantos/perugeopkg/raw/master/geo/prov_ancash_recuay_simplified.gpkg
ANCASH,SANTA,complete,provincia,https://github.com/PaulESantos/perugeopkg/raw/master/geo/prov_ancash_santa.gpkg
ANCASH,SANTA,simplified,provincia,https://github.com/PaulESantos/perugeopkg/raw/master/geo/prov_ancash_santa_simplified.gpkg
ANCASH,SIHUAS,complete,provincia,https://github.com/PaulESantos/perugeopkg/raw/master/geo/prov_ancash_sihuas.gpkg
ANCASH,SIHUAS,simplified,provincia,https://github.com/PaulESantos/perugeopkg/raw/master/geo/prov_ancash_sihuas_simplified.gpkg
ANCASH,YUNGAY,complete,provincia,https://github.com/PaulESantos/perugeopkg/raw/master/geo/prov_ancash_yungay.gpkg
ANCASH,YUNGAY,simplified,provincia,https://github.com/PaulESantos/perugeopkg/raw/master/geo/prov_ancash_yungay_simplified.gpkg
APURIMAC,ABANCAY,complete,provincia,https://github.com/PaulESantos/perugeopkg/raw/master/geo/prov_apurimac_abancay.gpkg
APURIMAC,ABANCAY,simplified,provincia,https://github.com/PaulESantos/perugeopkg/raw/master/geo/prov_apurimac_abancay_simplified.gpkg
APURIMAC,ANDAHUAYLAS,complete,provincia,https://github.com/PaulESantos/perugeopkg/raw/master/geo/prov_apurimac_andahuaylas.gpkg
APURIMAC,ANDAHUAYLAS,simplified,provincia,https://github.com/PaulESantos/perugeopkg/raw/master/geo/prov_apurimac_andahuaylas_simplified.gpkg
APURIMAC,ANTABAMBA,complete,provincia,https://github.com/PaulESantos/perugeopkg/raw/master/geo/prov_apurimac_antabamba.gpkg
APURIMAC,ANTABAMBA,simplified,provincia,https://github.com/PaulESantos/perugeopkg/raw/master/geo/prov_apurimac_antabamba_simplified.gpkg
APURIMAC,AYMARAES,complete,provincia,https://github.com/PaulESantos/perugeopkg/raw/master/geo/prov_apurimac_aymaraes.gpkg
APURIMAC,AYMARAES,simplified,provincia,https://github.com/PaulESantos/perugeopkg/raw/master/geo/prov_apurimac_aymaraes_simplified.gpkg
APURIMAC,CHINCHEROS,complete,provincia,https://github.com/PaulESantos/perugeopkg/raw/master/geo/prov_apurimac_chincheros.gpkg
APURIMAC,CHINCHEROS,simplified,provincia,https://github.com/PaulESantos/perugeopkg/raw/master/geo/prov_apurimac_chincheros_simplified.gpkg
APURIMAC,COTABAMBAS,complete,provincia,https://github.com/PaulESantos/perugeopkg/raw/master/geo/prov_apurimac_cotabambas.gpkg
APURIMAC,COTABAMBAS,simplified,provincia,https://github.com/PaulESantos/perugeopkg/raw/master/geo/prov_apurimac_cotabambas_simplified.gpkg
APURIMAC,GRAU,complete,provincia,https://github.com/PaulESantos/perugeopkg/raw/master/geo/prov_apurimac_grau.gpkg
APURIMAC,GRAU,simplified,provincia,https://github.com/PaulESantos/perugeopkg/raw/master/geo/prov_apurimac_grau_simplified.gpkg
AREQUIPA,AREQUIPA,complete,provincia,https://github.com/PaulESantos/perugeopkg/raw/master/geo/prov_arequipa_arequipa.gpkg
AREQUIPA,AREQUIPA,simplified,provincia,https://github.com/PaulESantos/perugeopkg/raw/master/geo/prov_arequipa_arequipa_simplified.gpkg
AREQUIPA,CAMANA,complete,provincia,https://github.com/PaulESantos/perugeopkg/raw/master/geo/prov_arequipa_camana.gpkg
AREQUIPA,CAMANA,simplified,provincia,https://github.com/PaulESantos/perugeopkg/raw/master/geo/prov_arequipa_camana_simplified.gpkg
AREQUIPA,CARAVELI,complete,provincia,https://github.com/PaulESantos/perugeopkg/raw/master/geo/prov_arequipa_caraveli.gpkg
AREQUIPA,CARAVELI,simplified,provincia,https://github.com/PaulESantos/perugeopkg/raw/master/geo/prov_arequipa_caraveli_simplified.gpkg
AREQUIPA,CASTILLA,complete,provincia,https://github.com/PaulESantos/perugeopkg/raw/master/geo/prov_arequipa_castilla.gpkg
AREQUIPA,CASTILLA,simplified,provincia,https://github.com/PaulESantos/perugeopkg/raw/master/geo/prov_arequipa_castilla_simplified.gpkg
AREQUIPA,CAYLLOMA,complete,provincia,https://github.com/PaulESantos/perugeopkg/raw/master/geo/prov_arequipa_caylloma.gpkg
AREQUIPA,CAYLLOMA,simplified,provincia,https://github.com/PaulESantos/perugeopkg/raw/master/geo/prov_arequipa_caylloma_simplified.gpkg
AREQUIPA,CONDESUYOS,complete,provincia,https://github.com/PaulESantos/perugeopkg/raw/master/geo/prov_arequipa_condesuyos.gpkg
AREQUIPA,CONDESUYOS,simplified,provincia,https://github.com/PaulESantos/perugeopkg/raw/master/geo/prov_arequipa_condesuyos_simplified.gpkg
AREQUIPA,ISLAY,complete,provincia,https://github.com/PaulESantos/perugeopkg/raw/master/geo/prov_arequipa_islay.gpkg
AREQUIPA,ISLAY,simplified,provincia,https://github.com/PaulESantos/perugeopkg/raw/master/geo/prov_arequipa_islay_simplified.gpkg
AREQUIPA,LA UNION,complete,provincia,https://github.com/PaulESantos/perugeopkg/raw/master/geo/prov_arequipa_la_union.gpkg
AREQUIPA,LA UNION,simplified,provincia,https://github.com/PaulESantos/perugeopkg/raw/master/geo/prov_arequipa_la_union_simplified.gpkg
AYACUCHO,CANGALLO,complete,provincia,https://github.com/PaulESantos/perugeopkg/raw/master/geo/prov_ayacucho_cangallo.gpkg
AYACUCHO,CANGALLO,simplified,provincia,https://github.com/PaulESantos/perugeopkg/raw/master/geo/prov_ayacucho_cangallo_simplified.gpkg
AYACUCHO,HUAMANGA,complete,provincia,https://github.com/PaulESantos/perugeopkg/raw/master/geo/prov_ayacucho_huamanga.gpkg
AYACUCHO,HUAMANGA,simplified,provincia,https://github.com/PaulESantos/perugeopkg/raw/master/geo/prov_ayacucho_huamanga_simplified.gpkg
AYACUCHO,HUANCA SANCOS,complete,provincia,https://github.com/PaulESantos/perugeopkg/raw/master/geo/prov_ayacucho_huanca_sancos.gpkg
AYACUCHO,HUANCA SANCOS,simplified,provincia,https://github.com/PaulESantos/perugeopkg/raw/master/geo/prov_ayacucho_huanca_sancos_simplified.gpkg
AYACUCHO,HUANTA,complete,provincia,https://github.com/PaulESantos/perugeopkg/raw/master/geo/prov_ayacucho_huanta.gpkg
AYACUCHO,HUANTA,simplified,provincia,https://github.com/PaulESantos/perugeopkg/raw/master/geo/prov_ayacucho_huanta_simplified.gpkg
AYACUCHO,LA MAR,complete,provincia,https://github.com/PaulESantos/perugeopkg/raw/master/geo/prov_ayacucho_la_mar.gpkg
AYACUCHO,LA MAR,simplified,provincia,https://github.com/PaulESantos/perugeopkg/raw/master/geo/prov_ayacucho_la_mar_simplified.gpkg
AYACUCHO,LUCANAS,complete,provincia,https://github.com/PaulESantos/perugeopkg/raw/master/geo/prov_ayacucho_lucanas.gpkg
AYACUCHO,LUCANAS,simplified,provincia,https://github.com/PaulESantos/perugeopkg/raw/master/geo/prov_ayacucho_lucanas_simplified.gpkg
AYACUCHO,PARINACOCHAS,complete,provincia,https://github.com/PaulESantos/perugeopkg/raw/master/geo/prov_ayacucho_parinacochas.gpkg
AYACUCHO,PARINACOCHAS,simplified,provincia,https://github.com/PaulESantos/perugeopkg/raw/master/geo/prov_ayacucho_parinacochas_simplified.gpkg
AYACUCHO,PAUCAR DEL SARA SARA,complete,provincia,https://github.com/PaulESantos/perugeopkg/raw/master/geo/prov_ayacucho_paucar_del_sara_sara.gpkg
AYACUCHO,PAUCAR DEL SARA SARA,simplified,provincia,https://github.com/PaulESantos/perugeopkg/raw/master/geo/prov_ayacucho_paucar_del_sara_sara_simplified.gpkg
AYACUCHO,SUCRE,complete,provincia,https://github.com/PaulESantos/perugeopkg/raw/master/geo/prov_ayacucho_sucre.gpkg
AYACUCHO,SUCRE,simplified,provincia,https://github.com/PaulESantos/perugeopkg/raw/master/geo/prov_ayacucho_sucre_simplified.gpkg
AYACUCHO,VICTOR FAJARDO,complete,provincia,https://github.com/PaulESantos/perugeopkg/raw/master/geo/prov_ayacucho_victor_fajardo.gpkg
AYACUCHO,VICTOR FAJARDO,simplified,provincia,https://github.com/PaulESantos/perugeopkg/raw/master/geo/prov_ayacucho_victor_fajardo_simplified.gpkg
AYACUCHO,VILCAS HUAMAN,complete,provincia,https://github.com/PaulESantos/perugeopkg/raw/master/geo/prov_ayacucho_vilcas_huaman.gpkg
AYACUCHO,VILCAS HUAMAN,simplified,provincia,https://github.com/PaulESantos/perugeopkg/raw/master/geo/prov_ayacucho_vilcas_huaman_simplified.gpkg
CAJAMARCA,CAJABAMBA,complete,provincia,https://github.com/PaulESantos/perugeopkg/raw/master/geo/prov_cajamarca_cajabamba.gpkg
CAJAMARCA,CAJABAMBA,simplified,provincia,https://github.com/PaulESantos/perugeopkg/raw/master/geo/prov_cajamarca_cajabamba_simplified.gpkg
CAJAMARCA,CAJAMARCA,complete,provincia,https://github.com/PaulESantos/perugeopkg/raw/master/geo/prov_cajamarca_cajamarca.gpkg
CAJAMARCA,CAJAMARCA,simplified,provincia,https://github.com/PaulESantos/perugeopkg/raw/master/geo/prov_cajamarca_cajamarca_simplified.gpkg
CAJAMARCA,CELENDIN,complete,provincia,https://github.com/PaulESantos/perugeopkg/raw/master/geo/prov_cajamarca_celendin.gpkg
CAJAMARCA,CELENDIN,simplified,provincia,https://github.com/PaulESantos/perugeopkg/raw/master/geo/prov_cajamarca_celendin_simplified.gpkg
CAJAMARCA,CHOTA,complete,provincia,https://github.com/PaulESantos/perugeopkg/raw/master/geo/prov_cajamarca_chota.gpkg
CAJAMARCA,CHOTA,simplified,provincia,https://github.com/PaulESantos/perugeopkg/raw/master/geo/prov_cajamarca_chota_simplified.gpkg
CAJAMARCA,CONTUMAZA,complete,provincia,https://github.com/PaulESantos/perugeopkg/raw/master/geo/prov_cajamarca_contumaza.gpkg
CAJAMARCA,CONTUMAZA,simplified,provincia,https://github.com/PaulESantos/perugeopkg/raw/master/geo/prov_cajamarca_contumaza_simplified.gpkg
CAJAMARCA,CUTERVO,complete,provincia,https://github.com/PaulESantos/perugeopkg/raw/master/geo/prov_cajamarca_cutervo.gpkg
CAJAMARCA,CUTERVO,simplified,provincia,https://github.com/PaulESantos/perugeopkg/raw/master/geo/prov_cajamarca_cutervo_simplified.gpkg
CAJAMARCA,HUALGAYOC,complete,provincia,https://github.com/PaulESantos/perugeopkg/raw/master/geo/prov_cajamarca_hualgayoc.gpkg
CAJAMARCA,HUALGAYOC,simplified,provincia,https://github.com/PaulESantos/perugeopkg/raw/master/geo/prov_cajamarca_hualgayoc_simplified.gpkg
CAJAMARCA,JAEN,complete,provincia,https://github.com/PaulESantos/perugeopkg/raw/master/geo/prov_cajamarca_jaen.gpkg
CAJAMARCA,JAEN,simplified,provincia,https://github.com/PaulESantos/perugeopkg/raw/master/geo/prov_cajamarca_jaen_simplified.gpkg
CAJAMARCA,SAN IGNACIO,complete,provincia,https://github.com/PaulESantos/perugeopkg/raw/master/geo/prov_cajamarca_san_ignacio.gpkg
CAJAMARCA,SAN IGNACIO,simplified,provincia,https://github.com/PaulESantos/perugeopkg/raw/master/geo/prov_cajamarca_san_ignacio_simplified.gpkg
CAJAMARCA,SAN MARCOS,complete,provincia,https://github.com/PaulESantos/perugeopkg/raw/master/geo/prov_cajamarca_san_marcos.gpkg
CAJAMARCA,SAN MARCOS,simplified,provincia,https://github.com/PaulESantos/perugeopkg/raw/master/geo/prov_cajamarca_san_marcos_simplified.gpkg
CAJAMARCA,SAN MIGUEL,complete,provincia,https://github.com/PaulESantos/perugeopkg/raw/master/geo/prov_cajamarca_san_miguel.gpkg
CAJAMARCA,SAN MIGUEL,simplified,provincia,https://github.com/PaulESantos/perugeopkg/raw/master/geo/prov_cajamarca_san_miguel_simplified.gpkg
CAJAMARCA,SAN PABLO,complete,provincia,https://github.com/PaulESantos/perugeopkg/raw/master/geo/prov_cajamarca_san_pablo.gpkg
CAJAMARCA,SAN PABLO,simplified,provincia,https://github.com/PaulESantos/perugeopkg/raw/master/geo/prov_cajamarca_san_pablo_simplified.gpkg
CAJAMARCA,SANTA CRUZ,complete,provincia,https://github.com/PaulESantos/perugeopkg/raw/master/geo/prov_cajamarca_santa_cruz.gpkg
CAJAMARCA,SANTA CRUZ,simplified,provincia,https://github.com/PaulESantos/perugeopkg/raw/master/geo/prov_cajamarca_santa_cruz_simplified.gpkg
CALLAO,CALLAO,complete,provincia,https://github.com/PaulESantos/perugeopkg/raw/master/geo/prov_callao_callao.gpkg
CALLAO,CALLAO,simplified,provincia,https://github.com/PaulESantos/perugeopkg/raw/master/geo/prov_callao_callao_simplified.gpkg
CUSCO,ACOMAYO,complete,provincia,https://github.com/PaulESantos/perugeopkg/raw/master/geo/prov_cusco_acomayo.gpkg
CUSCO,ACOMAYO,simplified,provincia,https://github.com/PaulESantos/perugeopkg/raw/master/geo/prov_cusco_acomayo_simplified.gpkg
CUSCO,ANTA,complete,provincia,https://github.com/PaulESantos/perugeopkg/raw/master/geo/prov_cusco_anta.gpkg
CUSCO,ANTA,simplified,provincia,https://github.com/PaulESantos/perugeopkg/raw/master/geo/prov_cusco_anta_simplified.gpkg
CUSCO,CALCA,complete,provincia,https://github.com/PaulESantos/perugeopkg/raw/master/geo/prov_cusco_calca.gpkg
CUSCO,CALCA,simplified,provincia,https://github.com/PaulESantos/perugeopkg/raw/master/geo/prov_cusco_calca_simplified.gpkg
CUSCO,CANAS,complete,provincia,https://github.com/PaulESantos/perugeopkg/raw/master/geo/prov_cusco_canas.gpkg
CUSCO,CANAS,simplified,provincia,https://github.com/PaulESantos/perugeopkg/raw/master/geo/prov_cusco_canas_simplified.gpkg
CUSCO,CANCHIS,complete,provincia,https://github.com/PaulESantos/perugeopkg/raw/master/geo/prov_cusco_canchis.gpkg
CUSCO,CANCHIS,simplified,provincia,https://github.com/PaulESantos/perugeopkg/raw/master/geo/prov_cusco_canchis_simplified.gpkg
CUSCO,CHUMBIVILCAS,complete,provincia,https://github.com/PaulESantos/perugeopkg/raw/master/geo/prov_cusco_chumbivilcas.gpkg
CUSCO,CHUMBIVILCAS,simplified,provincia,https://github.com/PaulESantos/perugeopkg/raw/master/geo/prov_cusco_chumbivilcas_simplified.gpkg
CUSCO,CUSCO,complete,provincia,https://github.com/PaulESantos/perugeopkg/raw/master/geo/prov_cusco_cusco.gpkg
CUSCO,CUSCO,simplified,provincia,https://github.com/PaulESantos/perugeopkg/raw/master/geo/prov_cusco_cusco_simplified.gpkg
CUSCO,ESPINAR,complete,provincia,https://github.com/PaulESantos/perugeopkg/raw/master/geo/prov_cusco_espinar.gpkg
CUSCO,ESPINAR,simplified,provincia,https://github.com/PaulESantos/perugeopkg/raw/master/geo/prov_cusco_espinar_simplified.gpkg
CUSCO,LA CONVENCION,complete,provincia,https://github.com/PaulESantos/perugeopkg/raw/master/geo/prov_cusco_la_convencion.gpkg
CUSCO,LA CONVENCION,simplified,provincia,https://github.com/PaulESantos/perugeopkg/raw/master/geo/prov_cusco_la_convencion_simplified.gpkg
CUSCO,PARURO,complete,provincia,https://github.com/PaulESantos/perugeopkg/raw/master/geo/prov_cusco_paruro.gpkg
CUSCO,PARURO,simplified,provincia,https://github.com/PaulESantos/perugeopkg/raw/master/geo/prov_cusco_paruro_simplified.gpkg
CUSCO,PAUCARTAMBO,complete,provincia,https://github.com/PaulESantos/perugeopkg/raw/master/geo/prov_cusco_paucartambo.gpkg
CUSCO,PAUCARTAMBO,simplified,provincia,https://github.com/PaulESantos/perugeopkg/raw/master/geo/prov_cusco_paucartambo_simplified.gpkg
CUSCO,QUISPICANCHI,complete,provincia,https://github.com/PaulESantos/perugeopkg/raw/master/geo/prov_cusco_quispicanchi.gpkg
CUSCO,QUISPICANCHI,simplified,provincia,https://github.com/PaulESantos/perugeopkg/raw/master/geo/prov_cusco_quispicanchi_simplified.gpkg
CUSCO,URUBAMBA,complete,provincia,https://github.com/PaulESantos/perugeopkg/raw/master/geo/prov_cusco_urubamba.gpkg
CUSCO,URUBAMBA,simplified,provincia,https://github.com/PaulESantos/perugeopkg/raw/master/geo/prov_cusco_urubamba_simplified.gpkg
HUANCAVELICA,ACOBAMBA,complete,provincia,https://github.com/PaulESantos/perugeopkg/raw/master/geo/prov_huancavelica_acobamba.gpkg
HUANCAVELICA,ACOBAMBA,simplified,provincia,https://github.com/PaulESantos/perugeopkg/raw/master/geo/prov_huancavelica_acobamba_simplified.gpkg
HUANCAVELICA,ANGARAES,complete,provincia,https://github.com/PaulESantos/perugeopkg/raw/master/geo/prov_huancavelica_angaraes.gpkg
HUANCAVELICA,ANGARAES,simplified,provincia,https://github.com/PaulESantos/perugeopkg/raw/master/geo/prov_huancavelica_angaraes_simplified.gpkg
HUANCAVELICA,CASTROVIRREYNA,complete,provincia,https://github.com/PaulESantos/perugeopkg/raw/master/geo/prov_huancavelica_castrovirreyna.gpkg
HUANCAVELICA,CASTROVIRREYNA,simplified,provincia,https://github.com/PaulESantos/perugeopkg/raw/master/geo/prov_huancavelica_castrovirreyna_simplified.gpkg
HUANCAVELICA,CHURCAMPA,complete,provincia,https://github.com/PaulESantos/perugeopkg/raw/master/geo/prov_huancavelica_churcampa.gpkg
HUANCAVELICA,CHURCAMPA,simplified,provincia,https://github.com/PaulESantos/perugeopkg/raw/master/geo/prov_huancavelica_churcampa_simplified.gpkg
HUANCAVELICA,HUANCAVELICA,complete,provincia,https://github.com/PaulESantos/perugeopkg/raw/master/geo/prov_huancavelica_huancavelica.gpkg
HUANCAVELICA,HUANCAVELICA,simplified,provincia,https://github.com/PaulESantos/perugeopkg/raw/master/geo/prov_huancavelica_huancavelica_simplified.gpkg
HUANCAVELICA,HUAYTARA,complete,provincia,https://github.com/PaulESantos/perugeopkg/raw/master/geo/prov_huancavelica_huaytara.gpkg
HUANCAVELICA,HUAYTARA,simplified,provincia,https://github.com/PaulESantos/perugeopkg/raw/master/geo/prov_huancavelica_huaytara_simplified.gpkg
HUANCAVELICA,TAYACAJA,complete,provincia,https://github.com/PaulESantos/perugeopkg/raw/master/geo/prov_huancavelica_tayacaja.gpkg
HUANCAVELICA,TAYACAJA,simplified,provincia,https://github.com/PaulESantos/perugeopkg/raw/master/geo/prov_huancavelica_tayacaja_simplified.gpkg
HUANUCO,AMBO,complete,provincia,https://github.com/PaulESantos/perugeopkg/raw/master/geo/prov_huanuco_ambo.gpkg
HUANUCO,AMBO,simplified,provincia,https://github.com/PaulESantos/perugeopkg/raw/master/geo/prov_huanuco_ambo_simplified.gpkg
HUANUCO,DOS DE MAYO,complete,provincia,https://github.com/PaulESantos/perugeopkg/raw/master/geo/prov_huanuco_dos_de_mayo.gpkg
HUANUCO,DOS DE MAYO,simplified,provincia,https://github.com/PaulESantos/perugeopkg/raw/master/geo/prov_huanuco_dos_de_mayo_simplified.gpkg
HUANUCO,HUACAYBAMBA,complete,provincia,https://github.com/PaulESantos/perugeopkg/raw/master/geo/prov_huanuco_huacaybamba.gpkg
HUANUCO,HUACAYBAMBA,simplified,provincia,https://github.com/PaulESantos/perugeopkg/raw/master/geo/prov_huanuco_huacaybamba_simplified.gpkg
HUANUCO,HUAMALIES,complete,provincia,https://github.com/PaulESantos/perugeopkg/raw/master/geo/prov_huanuco_huamalies.gpkg
HUANUCO,HUAMALIES,simplified,provincia,https://github.com/PaulESantos/perugeopkg/raw/master/geo/prov_huanuco_huamalies_simplified.gpkg
HUANUCO,HUANUCO,complete,provincia,https://github.com/PaulESantos/perugeopkg/raw/master/geo/prov_huanuco_huanuco.gpkg
HUANUCO,HUANUCO,simplified,provincia,https://github.com/PaulESantos/perugeopkg/raw/master/geo/prov_huanuco_huanuco_simplified.gpkg
HUANUCO,LAURICOCHA,complete,provincia,https://github.com/PaulESantos/perugeopkg/raw/master/geo/prov_huanuco_lauricocha.gpkg
HUANUCO,LAURICOCHA,simplified,provincia,https://github.com/PaulESantos/perugeopkg/raw/master/geo/prov_huanuco_lauricocha_simplified.gpkg
HUANUCO,LEONCIO PRADO,complete,provincia,https://github.com/PaulESantos/perugeopkg/raw/master/geo/prov_huanuco_leoncio_prado.gpkg
HUANUCO,LEONCIO PRADO,simplified,provincia,https://github.com/PaulESantos/perugeopkg/raw/master/geo/prov_huanuco_leoncio_prado_simplified.gpkg
HUANUCO,MARAÑON,complete,provincia,https://github.com/PaulESantos/perugeopkg/raw/master/geo/prov_huanuco_marañon.gpkg
HUANUCO,MARAÑON,simplified,provincia,https://github.com/PaulESantos/perugeopkg/raw/master/geo/prov_huanuco_marañon_simplified.gpkg
HUANUCO,PACHITEA,complete,provincia,https://github.com/PaulESantos/perugeopkg/raw/master/geo/prov_huanuco_pachitea.gpkg
HUANUCO,PACHITEA,simplified,provincia,https://github.com/PaulESantos/perugeopkg/raw/master/geo/prov_huanuco_pachitea_simplified.gpkg
HUANUCO,PUERTO INCA,complete,provincia,https://github.com/PaulESantos/perugeopkg/raw/master/geo/prov_huanuco_puerto_inca.gpkg
HUANUCO,PUERTO INCA,simplified,provincia,https://github.com/PaulESantos/perugeopkg/raw/master/geo/prov_huanuco_puerto_inca_simplified.gpkg
HUANUCO,YAROWILCA,complete,provincia,https://github.com/PaulESantos/perugeopkg/raw/master/geo/prov_huanuco_yarowilca.gpkg
HUANUCO,YAROWILCA,simplified,provincia,https://github.com/PaulESantos/perugeopkg/raw/master/geo/prov_huanuco_yarowilca_simplified.gpkg
ICA,CHINCHA,complete,provincia,https://github.com/PaulESantos/perugeopkg/raw/master/geo/prov_ica_chincha.gpkg
ICA,CHINCHA,simplified,provincia,https://github.com/PaulESantos/perugeopkg/raw/master/geo/prov_ica_chincha_simplified.gpkg
ICA,ICA,complete,provincia,https://github.com/PaulESantos/perugeopkg/raw/master/geo/prov_ica_ica.gpkg
ICA,ICA,simplified,provincia,https://github.com/PaulESantos/perugeopkg/raw/master/geo/prov_ica_ica_simplified.gpkg
ICA,NASCA,complete,provincia,https://github.com/PaulESantos/perugeopkg/raw/master/geo/prov_ica_nasca.gpkg
ICA,NASCA,simplified,provincia,https://github.com/PaulESantos/perugeopkg/raw/master/geo/prov_ica_nasca_simplified.gpkg
ICA,PALPA,complete,provincia,https://github.com/PaulESantos/perugeopkg/raw/master/geo/prov_ica_palpa.gpkg
ICA,PALPA,simplified,provincia,https://github.com/PaulESantos/perugeopkg/raw/master/geo/prov_ica_palpa_simplified.gpkg
ICA,PISCO,complete,provincia,https://github.com/PaulESantos/perugeopkg/raw/master/geo/prov_ica_pisco.gpkg
ICA,PISCO,simplified,provincia,https://github.com/PaulESantos/perugeopkg/raw/master/geo/prov_ica_pisco_simplified.gpkg
JUNIN,CHANCHAMAYO,complete,provincia,https://github.com/PaulESantos/perugeopkg/raw/master/geo/prov_junin_chanchamayo.gpkg
JUNIN,CHANCHAMAYO,simplified,provincia,https://github.com/PaulESantos/perugeopkg/raw/master/geo/prov_junin_chanchamayo_simplified.gpkg
JUNIN,CHUPACA,complete,provincia,https://github.com/PaulESantos/perugeopkg/raw/master/geo/prov_junin_chupaca.gpkg
JUNIN,CHUPACA,simplified,provincia,https://github.com/PaulESantos/perugeopkg/raw/master/geo/prov_junin_chupaca_simplified.gpkg
JUNIN,CONCEPCION,complete,provincia,https://github.com/PaulESantos/perugeopkg/raw/master/geo/prov_junin_concepcion.gpkg
JUNIN,CONCEPCION,simplified,provincia,https://github.com/PaulESantos/perugeopkg/raw/master/geo/prov_junin_concepcion_simplified.gpkg
JUNIN,HUANCAYO,complete,provincia,https://github.com/PaulESantos/perugeopkg/raw/master/geo/prov_junin_huancayo.gpkg
JUNIN,HUANCAYO,simplified,provincia,https://github.com/PaulESantos/perugeopkg/raw/master/geo/prov_junin_huancayo_simplified.gpkg
JUNIN,JAUJA,complete,provincia,https://github.com/PaulESantos/perugeopkg/raw/master/geo/prov_junin_jauja.gpkg
JUNIN,JAUJA,simplified,provincia,https://github.com/PaulESantos/perugeopkg/raw/master/geo/prov_junin_jauja_simplified.gpkg
JUNIN,JUNIN,complete,provincia,https://github.com/PaulESantos/perugeopkg/raw/master/geo/prov_junin_junin.gpkg
JUNIN,JUNIN,simplified,provincia,https://github.com/PaulESantos/perugeopkg/raw/master/geo/prov_junin_junin_simplified.gpkg
JUNIN,SATIPO,complete,provincia,https://github.com/PaulESantos/perugeopkg/raw/master/geo/prov_junin_satipo.gpkg
JUNIN,SATIPO,simplified,provincia,https://github.com/PaulESantos/perugeopkg/raw/master/geo/prov_junin_satipo_simplified.gpkg
JUNIN,TARMA,complete,provincia,https://github.com/PaulESantos/perugeopkg/raw/master/geo/prov_junin_tarma.gpkg
JUNIN,TARMA,simplified,provincia,https://github.com/PaulESantos/perugeopkg/raw/master/geo/prov_junin_tarma_simplified.gpkg
JUNIN,YAULI,complete,provincia,https://github.com/PaulESantos/perugeopkg/raw/master/geo/prov_junin_yauli.gpkg
JUNIN,YAULI,simplified,provincia,https://github.com/PaulESantos/perugeopkg/raw/master/geo/prov_junin_yauli_simplified.gpkg
LA LIBERTAD,ASCOPE,complete,provincia,https://github.com/PaulESantos/perugeopkg/raw/master/geo/prov_la_libertad_ascope.gpkg
LA LIBERTAD,ASCOPE,simplified,provincia,https://github.com/PaulESantos/perugeopkg/raw/master/geo/prov_la_libertad_ascope_simplified.gpkg
LA LIBERTAD,BOLIVAR,complete,provincia,https://github.com/PaulESantos/perugeopkg/raw/master/geo/prov_la_libertad_bolivar.gpkg
LA LIBERTAD,BOLIVAR,simplified,provincia,https://github.com/PaulESantos/perugeopkg/raw/master/geo/prov_la_libertad_bolivar_simplified.gpkg
LA LIBERTAD,CHEPEN,complete,provincia,https://github.com/PaulESantos/perugeopkg/raw/master/geo/prov_la_libertad_chepen.gpkg
LA LIBERTAD,CHEPEN,simplified,provincia,https://github.com/PaulESantos/perugeopkg/raw/master/geo/prov_la_libertad_chepen_simplified.gpkg
LA LIBERTAD,GRAN CHIMU,complete,provincia,https://github.com/PaulESantos/perugeopkg/raw/master/geo/prov_la_libertad_gran_chimu.gpkg
LA LIBERTAD,GRAN CHIMU,simplified,provincia,https://github.com/PaulESantos/perugeopkg/raw/master/geo/prov_la_libertad_gran_chimu_simplified.gpkg
LA LIBERTAD,JULCAN,complete,provincia,https://github.com/PaulESantos/perugeopkg/raw/master/geo/prov_la_libertad_julcan.gpkg
LA LIBERTAD,JULCAN,simplified,provincia,https://github.com/PaulESantos/perugeopkg/raw/master/geo/prov_la_libertad_julcan_simplified.gpkg
LA LIBERTAD,OTUZCO,complete,provincia,https://github.com/PaulESantos/perugeopkg/raw/master/geo/prov_la_libertad_otuzco.gpkg
LA LIBERTAD,OTUZCO,simplified,provincia,https://github.com/PaulESantos/perugeopkg/raw/master/geo/prov_la_libertad_otuzco_simplified.gpkg
LA LIBERTAD,PACASMAYO,complete,provincia,https://github.com/PaulESantos/perugeopkg/raw/master/geo/prov_la_libertad_pacasmayo.gpkg
LA LIBERTAD,PACASMAYO,simplified,provincia,https://github.com/PaulESantos/perugeopkg/raw/master/geo/prov_la_libertad_pacasmayo_simplified.gpkg
LA LIBERTAD,PATAZ,complete,provincia,https://github.com/PaulESantos/perugeopkg/raw/master/geo/prov_la_libertad_pataz.gpkg
LA LIBERTAD,PATAZ,simplified,provincia,https://github.com/PaulESantos/perugeopkg/raw/master/geo/prov_la_libertad_pataz_simplified.gpkg
LA LIBERTAD,SANCHEZ CARRION,complete,provincia,https://github.com/PaulESantos/perugeopkg/raw/master/geo/prov_la_libertad_sanchez_carrion.gpkg
LA LIBERTAD,SANCHEZ CARRION,simplified,provincia,https://github.com/PaulESantos/perugeopkg/raw/master/geo/prov_la_libertad_sanchez_carrion_simplified.gpkg
LA LIBERTAD,SANTIAGO DE CHUCO,complete,provincia,https://github.com/PaulESantos/perugeopkg/raw/master/geo/prov_la_libertad_santiago_de_chuco.gpkg
LA LIBERTAD,SANTIAGO DE CHUCO,simplified,provincia,https://github.com/PaulESantos/perugeopkg/raw/master/geo/prov_la_libertad_santiago_de_chuco_simplified.gpkg
LA LIBERTAD,TRUJILLO,complete,provincia,https://github.com/PaulESantos/perugeopkg/raw/master/geo/prov_la_libertad_trujillo.gpkg
LA LIBERTAD,TRUJILLO,simplified,provincia,https://github.com/PaulESantos/perugeopkg/raw/master/geo/prov_la_libertad_trujillo_simplified.gpkg
LA LIBERTAD,VIRU,complete,provincia,https://github.com/PaulESantos/perugeopkg/raw/master/geo/prov_la_libertad_viru.gpkg
LA LIBERTAD,VIRU,simplified,provincia,https://github.com/PaulESantos/perugeopkg/raw/master/geo/prov_la_libertad_viru_simplified.gpkg
LAMBAYEQUE,CHICLAYO,complete,provincia,https://github.com/PaulESantos/perugeopkg/raw/master/geo/prov_lambayeque_chiclayo.gpkg
LAMBAYEQUE,CHICLAYO,simplified,provincia,https://github.com/PaulESantos/perugeopkg/raw/master/geo/prov_lambayeque_chiclayo_simplified.gpkg
LAMBAYEQUE,FERREÑAFE,complete,provincia,https://github.com/PaulESantos/perugeopkg/raw/master/geo/prov_lambayeque_ferreñafe.gpkg
LAMBAYEQUE,FERREÑAFE,simplified,provincia,https://github.com/PaulESantos/perugeopkg/raw/master/geo/prov_lambayeque_ferreñafe_simplified.gpkg
LAMBAYEQUE,LAMBAYEQUE,complete,provincia,https://github.com/PaulESantos/perugeopkg/raw/master/geo/prov_lambayeque_lambayeque.gpkg
LAMBAYEQUE,LAMBAYEQUE,simplified,provincia,https://github.com/PaulESantos/perugeopkg/raw/master/geo/prov_lambayeque_lambayeque_simplified.gpkg
LIMA,BARRANCA,complete,provincia,https://github.com/PaulESantos/perugeopkg/raw/master/geo/prov_lima_barranca.gpkg
LIMA,BARRANCA,simplified,provincia,https://github.com/PaulESantos/perugeopkg/raw/master/geo/prov_lima_barranca_simplified.gpkg
LIMA,CAJATAMBO,complete,provincia,https://github.com/PaulESantos/perugeopkg/raw/master/geo/prov_lima_cajatambo.gpkg
LIMA,CAJATAMBO,simplified,provincia,https://github.com/PaulESantos/perugeopkg/raw/master/geo/prov_lima_cajatambo_simplified.gpkg
LIMA,CANTA,complete,provincia,https://github.com/PaulESantos/perugeopkg/raw/master/geo/prov_lima_canta.gpkg
LIMA,CANTA,simplified,provincia,https://github.com/PaulESantos/perugeopkg/raw/master/geo/prov_lima_canta_simplified.gpkg
LIMA,CAÑETE,complete,provincia,https://github.com/PaulESantos/perugeopkg/raw/master/geo/prov_lima_cañete.gpkg
LIMA,CAÑETE,simplified,provincia,https://github.com/PaulESantos/perugeopkg/raw/master/geo/prov_lima_cañete_simplified.gpkg
LIMA,HUARAL,complete,provincia,https://github.com/PaulESantos/perugeopkg/raw/master/geo/prov_lima_huaral.gpkg
LIMA,HUARAL,simplified,provincia,https://github.com/PaulESantos/perugeopkg/raw/master/geo/prov_lima_huaral_simplified.gpkg
LIMA,HUAROCHIRI,complete,provincia,https://github.com/PaulESantos/perugeopkg/raw/master/geo/prov_lima_huarochiri.gpkg
LIMA,HUAROCHIRI,simplified,provincia,https://github.com/PaulESantos/perugeopkg/raw/master/geo/prov_lima_huarochiri_simplified.gpkg
LIMA,HUAURA,complete,provincia,https://github.com/PaulESantos/perugeopkg/raw/master/geo/prov_lima_huaura.gpkg
LIMA,HUAURA,simplified,provincia,https://github.com/PaulESantos/perugeopkg/raw/master/geo/prov_lima_huaura_simplified.gpkg
LIMA,LIMA,complete,provincia,https://github.com/PaulESantos/perugeopkg/raw/master/geo/prov_lima_lima.gpkg
LIMA,LIMA,simplified,provincia,https://github.com/PaulESantos/perugeopkg/raw/master/geo/prov_lima_lima_simplified.gpkg
LIMA,OYON,complete,provincia,https://github.com/PaulESantos/perugeopkg/raw/master/geo/prov_lima_oyon.gpkg
LIMA,OYON,simplified,provincia,https://github.com/PaulESantos/perugeopkg/raw/master/geo/prov_lima_oyon_simplified.gpkg
LIMA,YAUYOS,complete,provincia,https://github.com/PaulESantos/perugeopkg/raw/master/geo/prov_lima_yauyos.gpkg
LIMA,YAUYOS,simplified,provincia,https://github.com/PaulESantos/perugeopkg/raw/master/geo/prov_lima_yauyos_simplified.gpkg
LORETO,ALTO AMAZONAS,complete,provincia,https://github.com/PaulESantos/perugeopkg/raw/master/geo/prov_loreto_alto_amazonas.gpkg
LORETO,ALTO AMAZONAS,simplified,provincia,https://github.com/PaulESantos/perugeopkg/raw/master/geo/prov_loreto_alto_amazonas_simplified.gpkg
LORETO,DATEM DEL MARAÑON,complete,provincia,https://github.com/PaulESantos/perugeopkg/raw/master/geo/prov_loreto_datem_del_marañon.gpkg
LORETO,DATEM DEL MARAÑON,simplified,provincia,https://github.com/PaulESantos/perugeopkg/raw/master/geo/prov_loreto_datem_del_marañon_simplified.gpkg
LORETO,LORETO,complete,provincia,https://github.com/PaulESantos/perugeopkg/raw/master/geo/prov_loreto_loreto.gpkg
LORETO,LORETO,simplified,provincia,https://github.com/PaulESantos/perugeopkg/raw/master/geo/prov_loreto_loreto_simplified.gpkg
LORETO,MARISCAL RAMON CASTILLA,complete,provincia,https://github.com/PaulESantos/perugeopkg/raw/master/geo/prov_loreto_mariscal_ramon_castilla.gpkg
LORETO,MARISCAL RAMON CASTILLA,simplified,provincia,https://github.com/PaulESantos/perugeopkg/raw/master/geo/prov_loreto_mariscal_ramon_castilla_simplified.gpkg
LORETO,MAYNAS,complete,provincia,https://github.com/PaulESantos/perugeopkg/raw/master/geo/prov_loreto_maynas.gpkg
LORETO,MAYNAS,simplified,provincia,https://github.com/PaulESantos/perugeopkg/raw/master/geo/prov_loreto_maynas_simplified.gpkg
LORETO,PUTUMAYO,complete,provincia,https://github.com/PaulESantos/perugeopkg/raw/master/geo/prov_loreto_putumayo.gpkg
LORETO,PUTUMAYO,simplified,provincia,https://github.com/PaulESantos/perugeopkg/raw/master/geo/prov_loreto_putumayo_simplified.gpkg
LORETO,REQUENA,complete,provincia,https://github.com/PaulESantos/perugeopkg/raw/master/geo/prov_loreto_requena.gpkg
LORETO,REQUENA,simplified,provincia,https://github.com/PaulESantos/perugeopkg/raw/master/geo/prov_loreto_requena_simplified.gpkg
LORETO,UCAYALI,complete,provincia,https://github.com/PaulESantos/perugeopkg/raw/master/geo/prov_loreto_ucayali.gpkg
LORETO,UCAYALI,simplified,provincia,https://github.com/PaulESantos/perugeopkg/raw/master/geo/prov_loreto_ucayali_simplified.gpkg
MADRE DE DIOS,MANU,complete,provincia,https://github.com/PaulESantos/perugeopkg/raw/master/geo/prov_madre_de_dios_manu.gpkg
MADRE DE DIOS,MANU,simplified,provincia,https://github.com/PaulESantos/perugeopkg/raw/master/geo/prov_madre_de_dios_manu_simplified.gpkg
MADRE DE DIOS,TAHUAMANU,complete,provincia,https://github.com/PaulESantos/perugeopkg/raw/master/geo/prov_madre_de_dios_tahuamanu.gpkg
MADRE DE DIOS,TAHUAMANU,simplified,provincia,https://github.com/PaulESantos/perugeopkg/raw/master/geo/prov_madre_de_dios_tahuamanu_simplified.gpkg
MADRE DE DIOS,TAMBOPATA,complete,provincia,https://github.com/PaulESantos/perugeopkg/raw/master/geo/prov_madre_de_dios_tambopata.gpkg
MADRE DE DIOS,TAMBOPATA,simplified,provincia,https://github.com/PaulESantos/perugeopkg/raw/master/geo/prov_madre_de_dios_tambopata_simplified.gpkg
MOQUEGUA,GENERAL SANCHEZ CERRO,complete,provincia,https://github.com/PaulESantos/perugeopkg/raw/master/geo/prov_moquegua_general_sanchez_cerro.gpkg
MOQUEGUA,GENERAL SANCHEZ CERRO,simplified,provincia,https://github.com/PaulESantos/perugeopkg/raw/master/geo/prov_moquegua_general_sanchez_cerro_simplified.gpkg
MOQUEGUA,ILO,complete,provincia,https://github.com/PaulESantos/perugeopkg/raw/master/geo/prov_moquegua_ilo.gpkg
MOQUEGUA,ILO,simplified,provincia,https://github.com/PaulESantos/perugeopkg/raw/master/geo/prov_moquegua_ilo_simplified.gpkg
MOQUEGUA,MARISCAL NIETO,complete,provincia,https://github.com/PaulESantos/perugeopkg/raw/master/geo/prov_moquegua_mariscal_nieto.gpkg
MOQUEGUA,MARISCAL NIETO,simplified,provincia,https://github.com/PaulESantos/perugeopkg/raw/master/geo/prov_moquegua_mariscal_nieto_simplified.gpkg
PASCO,DANIEL ALCIDES CARRION,complete,provincia,https://github.com/PaulESantos/perugeopkg/raw/master/geo/prov_pasco_daniel_alcides_carrion.gpkg
PASCO,DANIEL ALCIDES CARRION,simplified,provincia,https://github.com/PaulESantos/perugeopkg/raw/master/geo/prov_pasco_daniel_alcides_carrion_simplified.gpkg
PASCO,OXAPAMPA,complete,provincia,https://github.com/PaulESantos/perugeopkg/raw/master/geo/prov_pasco_oxapampa.gpkg
PASCO,OXAPAMPA,simplified,provincia,https://github.com/PaulESantos/perugeopkg/raw/master/geo/prov_pasco_oxapampa_simplified.gpkg
PASCO,PASCO,complete,provincia,https://github.com/PaulESantos/perugeopkg/raw/master/geo/prov_pasco_pasco.gpkg
PASCO,PASCO,simplified,provincia,https://github.com/PaulESantos/perugeopkg/raw/master/geo/prov_pasco_pasco_simplified.gpkg
PIURA,AYABACA,complete,provincia,https://github.com/PaulESantos/perugeopkg/raw/master/geo/prov_piura_ayabaca.gpkg
PIURA,AYABACA,simplified,provincia,https://github.com/PaulESantos/perugeopkg/raw/master/geo/prov_piura_ayabaca_simplified.gpkg
PIURA,HUANCABAMBA,complete,provincia,https://github.com/PaulESantos/perugeopkg/raw/master/geo/prov_piura_huancabamba.gpkg
PIURA,HUANCABAMBA,simplified,provincia,https://github.com/PaulESantos/perugeopkg/raw/master/geo/prov_piura_huancabamba_simplified.gpkg
PIURA,MORROPON,complete,provincia,https://github.com/PaulESantos/perugeopkg/raw/master/geo/prov_piura_morropon.gpkg
PIURA,MORROPON,simplified,provincia,https://github.com/PaulESantos/perugeopkg/raw/master/geo/prov_piura_morropon_simplified.gpkg
PIURA,PAITA,complete,provincia,https://github.com/PaulESantos/perugeopkg/raw/master/geo/prov_piura_paita.gpkg
PIURA,PAITA,simplified,provincia,https://github.com/PaulESantos/perugeopkg/raw/master/geo/prov_piura_paita_simplified.gpkg
PIURA,PIURA,complete,provincia,https://github.com/PaulESantos/perugeopkg/raw/master/geo/prov_piura_piura.gpkg
PIURA,PIURA,simplified,provincia,https://github.com/PaulESantos/perugeopkg/raw/master/geo/prov_piura_piura_simplified.gpkg
PIURA,SECHURA,complete,provincia,https://github.com/PaulESantos/perugeopkg/raw/master/geo/prov_piura_sechura.gpkg
PIURA,SECHURA,simplified,provincia,https://github.com/PaulESantos/perugeopkg/raw/master/geo/prov_piura_sechura_simplified.gpkg
PIURA,SULLANA,complete,provincia,https://github.com/PaulESantos/perugeopkg/raw/master/geo/prov_piura_sullana.gpkg
PIURA,SULLANA,simplified,provincia,https://github.com/PaulESantos/perugeopkg/raw/master/geo/prov_piura_sullana_simplified.gpkg
PIURA,TALARA,complete,provincia,https://github.com/PaulESantos/perugeopkg/raw/master/geo/prov_piura_talara.gpkg
PIURA,TALARA,simplified,provincia,https://github.com/PaulESantos/perugeopkg/raw/master/geo/prov_piura_talara_simplified.gpkg
PUNO,AZANGARO,complete,provincia,https://github.com/PaulESantos/perugeopkg/raw/master/geo/prov_puno_azangaro.gpkg
PUNO,AZANGARO,simplified,provincia,https://github.com/PaulESantos/perugeopkg/raw/master/geo/prov_puno_azangaro_simplified.gpkg
PUNO,CARABAYA,complete,provincia,https://github.com/PaulESantos/perugeopkg/raw/master/geo/prov_puno_carabaya.gpkg
PUNO,CARABAYA,simplified,provincia,https://github.com/PaulESantos/perugeopkg/raw/master/geo/prov_puno_carabaya_simplified.gpkg
PUNO,CHUCUITO,complete,provincia,https://github.com/PaulESantos/perugeopkg/raw/master/geo/prov_puno_chucuito.gpkg
PUNO,CHUCUITO,simplified,provincia,https://github.com/PaulESantos/perugeopkg/raw/master/geo/prov_puno_chucuito_simplified.gpkg
PUNO,EL COLLAO,complete,provincia,https://github.com/PaulESantos/perugeopkg/raw/master/geo/prov_puno_el_collao.gpkg
PUNO,EL COLLAO,simplified,provincia,https://github.com/PaulESantos/perugeopkg/raw/master/geo/prov_puno_el_collao_simplified.gpkg
PUNO,HUANCANE,complete,provincia,https://github.com/PaulESantos/perugeopkg/raw/master/geo/prov_puno_huancane.gpkg
PUNO,HUANCANE,simplified,provincia,https://github.com/PaulESantos/perugeopkg/raw/master/geo/prov_puno_huancane_simplified.gpkg
PUNO,LAMPA,complete,provincia,https://github.com/PaulESantos/perugeopkg/raw/master/geo/prov_puno_lampa.gpkg
PUNO,LAMPA,simplified,provincia,https://github.com/PaulESantos/perugeopkg/raw/master/geo/prov_puno_lampa_simplified.gpkg
PUNO,MELGAR,complete,provincia,https://github.com/PaulESantos/perugeopkg/raw/master/geo/prov_puno_melgar.gpkg
PUNO,MELGAR,simplified,provincia,https://github.com/PaulESantos/perugeopkg/raw/master/geo/prov_puno_melgar_simplified.gpkg
PUNO,MOHO,complete,provincia,https://github.com/PaulESantos/perugeopkg/raw/master/geo/prov_puno_moho.gpkg
PUNO,MOHO,simplified,provincia,https://github.com/PaulESantos/perugeopkg/raw/master/geo/prov_puno_moho_simplified.gpkg
PUNO,PUNO,complete,provincia,https://github.com/PaulESantos/perugeopkg/raw/master/geo/prov_puno_puno.gpkg
PUNO,PUNO,simplified,provincia,https://github.com/PaulESantos/perugeopkg/raw/master/geo/prov_puno_puno_simplified.gpkg
PUNO,SAN ANTONIO DE PUTINA,complete,provincia,https://github.com/PaulESantos/perugeopkg/raw/master/geo/prov_puno_san_antonio_de_putina.gpkg
PUNO,SAN ANTONIO DE PUTINA,simplified,provincia,https://github.com/PaulESantos/perugeopkg/raw/master/geo/prov_puno_san_antonio_de_putina_simplified.gpkg
PUNO,SAN ROMAN,complete,provincia,https://github.com/PaulESantos/perugeopkg/raw/master/geo/prov_puno_san_roman.gpkg
PUNO,SAN ROMAN,simplified,provincia,https://github.com/PaulESantos/perugeopkg/raw/master/geo/prov_puno_san_roman_simplified.gpkg
PUNO,SANDIA,complete,provincia,https://github.com/PaulESantos/perugeopkg/raw/master/geo/prov_puno_sandia.gpkg
PUNO,SANDIA,simplified,provincia,https://github.com/PaulESantos/perugeopkg/raw/master/geo/prov_puno_sandia_simplified.gpkg
PUNO,YUNGUYO,complete,provincia,https://github.com/PaulESantos/perugeopkg/raw/master/geo/prov_puno_yunguyo.gpkg
PUNO,YUNGUYO,simplified,provincia,https://github.com/PaulESantos/perugeopkg/raw/master/geo/prov_puno_yunguyo_simplified.gpkg
SAN MARTIN,BELLAVISTA,complete,provincia,https://github.com/PaulESantos/perugeopkg/raw/master/geo/prov_san_martin_bellavista.gpkg
SAN MARTIN,BELLAVISTA,simplified,provincia,https://github.com/PaulESantos/perugeopkg/raw/master/geo/prov_san_martin_bellavista_simplified.gpkg
SAN MARTIN,EL DORADO,complete,provincia,https://github.com/PaulESantos/perugeopkg/raw/master/geo/prov_san_martin_el_dorado.gpkg
SAN MARTIN,EL DORADO,simplified,provincia,https://github.com/PaulESantos/perugeopkg/raw/master/geo/prov_san_martin_el_dorado_simplified.gpkg
SAN MARTIN,HUALLAGA,complete,provincia,https://github.com/PaulESantos/perugeopkg/raw/master/geo/prov_san_martin_huallaga.gpkg
SAN MARTIN,HUALLAGA,simplified,provincia,https://github.com/PaulESantos/perugeopkg/raw/master/geo/prov_san_martin_huallaga_simplified.gpkg
SAN MARTIN,LAMAS,complete,provincia,https://github.com/PaulESantos/perugeopkg/raw/master/geo/prov_san_martin_lamas.gpkg
SAN MARTIN,LAMAS,simplified,provincia,https://github.com/PaulESantos/perugeopkg/raw/master/geo/prov_san_martin_lamas_simplified.gpkg
SAN MARTIN,MARISCAL CACERES,complete,provincia,https://github.com/PaulESantos/perugeopkg/raw/master/geo/prov_san_martin_mariscal_caceres.gpkg
SAN MARTIN,MARISCAL CACERES,simplified,provincia,https://github.com/PaulESantos/perugeopkg/raw/master/geo/prov_san_martin_mariscal_caceres_simplified.gpkg
SAN MARTIN,MOYOBAMBA,complete,provincia,https://github.com/PaulESantos/perugeopkg/raw/master/geo/prov_san_martin_moyobamba.gpkg
SAN MARTIN,MOYOBAMBA,simplified,provincia,https://github.com/PaulESantos/perugeopkg/raw/master/geo/prov_san_martin_moyobamba_simplified.gpkg
SAN MARTIN,PICOTA,complete,provincia,https://github.com/PaulESantos/perugeopkg/raw/master/geo/prov_san_martin_picota.gpkg
SAN MARTIN,PICOTA,simplified,provincia,https://github.com/PaulESantos/perugeopkg/raw/master/geo/prov_san_martin_picota_simplified.gpkg
SAN MARTIN,RIOJA,complete,provincia,https://github.com/PaulESantos/perugeopkg/raw/master/geo/prov_san_martin_rioja.gpkg
SAN MARTIN,RIOJA,simplified,provincia,https://github.com/PaulESantos/perugeopkg/raw/master/geo/prov_san_martin_rioja_simplified.gpkg
SAN MARTIN,SAN MARTIN,complete,provincia,https://github.com/PaulESantos/perugeopkg/raw/master/geo/prov_san_martin_san_martin.gpkg
SAN MARTIN,SAN MARTIN,simplified,provincia,https://github.com/PaulESantos/perugeopkg/raw/master/geo/prov_san_martin_san_martin_simplified.gpkg
SAN MARTIN,TOCACHE,complete,provincia,https://github.com/PaulESantos/perugeopkg/raw/master/geo/prov_san_martin_tocache.gpkg
SAN MARTIN,TOCACHE,simplified,provincia,https://github.com/PaulESantos/perugeopkg/raw/master/geo/prov_san_martin_tocache_simplified.gpkg
TACNA,CANDARAVE,complete,provincia,https://github.com/PaulESantos/perugeopkg/raw/master/geo/prov_tacna_candarave.gpkg
TACNA,CANDARAVE,simplified,provincia,https://github.com/PaulESantos/perugeopkg/raw/master/geo/prov_tacna_candarave_simplified.gpkg
TACNA,JORGE BASADRE,complete,provincia,https://github.com/PaulESantos/perugeopkg/raw/master/geo/prov_tacna_jorge_basadre.gpkg
TACNA,JORGE BASADRE,simplified,provincia,https://github.com/PaulESantos/perugeopkg/raw/master/geo/prov_tacna_jorge_basadre_simplified.gpkg
TACNA,TACNA,complete,provincia,https://github.com/PaulESantos/perugeopkg/raw/master/geo/prov_tacna_tacna.gpkg
TACNA,TACNA,simplified,provincia,https://github.com/PaulESantos/perugeopkg/raw/master/geo/prov_tacna_tacna_simplified.gpkg
TACNA,TARATA,complete,provincia,https://github.com/PaulESantos/perugeopkg/raw/master/geo/prov_tacna_tarata.gpkg
TACNA,TARATA,simplified,provincia,https://github.com/PaulESantos/perugeopkg/raw/master/geo/prov_tacna_tarata_simplified.gpkg
TUMBES,CONTRALMIRANTE VILLAR,complete,provincia,https://github.com/PaulESantos/perugeopkg/raw/master/geo/prov_tumbes_contralmirante_villar.gpkg
TUMBES,CONTRALMIRANTE VILLAR,simplified,provincia,https://github.com/PaulESantos/perugeopkg/raw/master/geo/prov_tumbes_contralmirante_villar_simplified.gpkg
TUMBES,TUMBES,complete,provincia,https://github.com/PaulESantos/perugeopkg/raw/master/geo/prov_tumbes_tumbes.gpkg
TUMBES,TUMBES,simplified,provincia,https://github.com/PaulESantos/perugeopkg/raw/master/geo/prov_tumbes_tumbes_simplified.gpkg
TUMBES,ZARUMILLA,complete,provincia,https://github.com/PaulESantos/perugeopkg/raw/master/geo/prov_tumbes_zarumilla.gpkg
TUMBES,ZARUMILLA,simplified,provincia,https://github.com/PaulESantos/perugeopkg/raw/master/geo/prov_tumbes_zarumilla_simplified.gpkg
UCAYALI,ATALAYA,complete,provincia,https://github.com/PaulESantos/perugeopkg/raw/master/geo/prov_ucayali_atalaya.gpkg
UCAYALI,ATALAYA,simplified,provincia,https://github.com/PaulESantos/perugeopkg/raw/master/geo/prov_ucayali_atalaya_simplified.gpkg
UCAYALI,CORONEL PORTILLO,complete,provincia,https://github.com/PaulESantos/perugeopkg/raw/master/geo/prov_ucayali_coronel_portillo.gpkg
UCAYALI,CORONEL PORTILLO,simplified,provincia,https://github.com/PaulESantos/perugeopkg/raw/master/geo/prov_ucayali_coronel_portillo_simplified.gpkg
UCAYALI,PADRE ABAD,complete,provincia,https://github.com/PaulESantos/perugeopkg/raw/master/geo/prov_ucayali_padre_abad.gpkg
UCAYALI,PADRE ABAD,simplified,provincia,https://github.com/PaulESantos/perugeopkg/raw/master/geo/prov_ucayali_padre_abad_simplified.gpkg
UCAYALI,PURUS,complete,provincia,https://github.com/PaulESantos/perugeopkg/raw/master/geo/prov_ucayali_purus.gpkg
UCAYALI,PURUS,simplified,provincia,https://github.com/PaulESantos/perugeopkg/raw/master/geo/prov_ucayali_purus_simplified.gpkg
